525.2174,218.69565,0.17480324,497.82608,252.6087,0.36310184,461.30435,289.13043,0.65202945,426.08694,324.34784,0.67925763,407.82608,353.0435,0.8128847,347.82608,504.34784,0.009135952,362.1739,504.34784,0.013115766,368.69565,491.30435,0.012807914,396.08694,475.6522,0.01022211,368.69565,512.17395,0.008163881,363.47824,503.0435,0.016648978,366.08694,493.91306,0.021711644,393.47824,469.13043,0.00989976,372.60867,500.43478,0.010027809,362.1739,501.73914,0.019552007,364.7826,495.2174,0.022653144,392.1739,484.78262,0.014548435,372.60867,503.0435,0.0116369715,341.30435,503.0435,0.01652301,377.82608,493.91306,0.024935618,343.91302,501.73914,0.01364127,283.0435,272.17392,0.012314223,176.08696,492.6087,0.018782008,267.39133,518.6957,0.016567847,271.30435,513.4783,0.01604996,283.0435,508.2609,0.012120636,260.86957,520.0,0.01911212,260.86957,513.4783,0.020450912,284.34784,508.2609,0.013317607,284.34784,490.0,0.011339568,226.95653,516.087,0.01600003,259.56522,510.86957,0.028448716,284.34784,505.6522,0.017334267,280.43478,486.08698,0.010316348,207.39131,504.34784,0.023797732,258.26086,506.95654,0.026116733,260.86957,496.52176,0.017844815,271.30435,486.08698,0.01234194,206.08696,497.8261,0.03049224,293.47827,492.6087,0.013531537,245.2174,479.56522,0.014526283,246.52174,483.47827,0.010633372,
501.73914,238.26088,0.4078437,470.43478,273.47827,0.6854063,437.82608,312.6087,0.8922655,403.91302,346.52176,0.79167175,384.3478,376.52176,0.84869623,414.3478,290.43478,0.19750422,371.30435,293.0435,0.89039904,405.21738,294.34784,0.83657646,430.0,290.43478,0.68759626,424.7826,250.0,0.14582792,380.43478,266.9565,0.8261399,423.47824,269.56522,0.87325394,448.26086,265.6522,0.4954037,413.04346,222.6087,0.11794976,386.9565,243.47827,0.7022277,422.17392,244.78261,0.66492164,452.17392,246.08696,0.73741,402.60867,197.8261,0.32640553,393.47824,217.39131,0.71872556,416.9565,223.91304,0.7256839,436.52173,222.6087,0.83350945,234.78262,533.0435,0.010250582,193.04349,495.2174,0.0140006095,224.34784,500.43478,0.013230348,273.91306,516.087,0.0130003225,290.86957,512.17395,0.007553609,260.86957,520.0,0.019012041,262.17392,512.17395,0.016740516,246.52174,475.6522,0.013236876,266.08698,475.6522,0.009526892,240.00002,518.6957,0.02093539,259.56522,509.56522,0.025066443,405.6522,239.56522,0.015780896,270.0,476.95654,0.009794169,215.21739,508.2609,0.036515024,259.56522,505.6522,0.026423372,272.6087,482.17392,0.029176138,279.13043,478.2609,0.015698673,216.52174,499.13043,0.05500156,243.91306,470.43478,0.018841257,249.13045,475.6522,0.034946762,256.95654,473.0435,0.016871624,
479.56522,235.65218,0.48668846,448.26086,269.56522,0.7461716,414.3478,308.69565,0.93828017,384.3478,337.3913,0.8460758,367.3913,362.17392,0.84681123,396.08694,280.0,0.20558004,351.7391,286.52173,0.9425162,384.3478,285.2174,0.8616865,406.52173,281.30435,0.7139987,400.0,239.56522,0.3000423,360.86957,259.13043,0.9993338,401.30435,261.73914,0.8056454,424.7826,257.82608,0.52636486,396.08694,217.39131,0.34559315,368.69565,236.95653,0.56705344,398.69565,239.56522,0.7225718,428.69565,239.56522,0.7469496,390.86957,187.39131,0.5470722,368.69565,209.56522,0.65104616,389.56522,218.69565,0.6456643,406.52173,216.08696,0.72947174,226.95653,530.4348,0.007425861,226.95653,500.43478,0.010531209,236.08696,501.73914,0.010182725,260.86957,513.4783,0.008840558,369.13046,362.17392,0.0036003094,249.13045,514.7826,0.013674619,375.6522,240.86957,0.011307224,384.78262,242.17392,0.012580626,373.0435,231.73914,0.012272397,225.65218,512.17395,0.012583404,370.43478,268.26086,0.021631397,386.08698,240.86957,0.030696027,376.95654,235.65218,0.023343554,217.8261,509.56522,0.015684072,358.69568,283.91306,0.025470437,390.0,269.56522,0.012790138,369.13046,355.6522,0.013912185,215.21739,499.13043,0.03040295,374.34784,338.69565,0.017860055,375.6522,342.6087,0.024919812,370.43478,347.82608,0.015429315,
501.73914,282.6087,0.41220763,462.6087,321.73914,0.64318246,423.47824,360.86957,0.88710356,390.86957,392.17392,0.7866033,368.69565,419.56522,0.703374,410.43478,334.78262,0.15823416,362.1739,342.6087,0.8969935,396.08694,343.91306,0.778579,415.65216,338.69565,0.58352214,411.73914,291.73914,0.31988347,370.0,316.52176,0.80837774,411.73914,319.13043,0.9007349,436.52173,311.30435,0.579436,406.52173,268.26086,0.37488455,373.91302,294.34784,0.56266224,407.82608,295.6522,0.62271994,439.13043,294.34784,0.69167554,397.3913,238.26088,0.7252175,375.21738,268.26086,0.7775245,400.0,276.08698,0.6482115,419.56522,269.56522,0.82060486,423.91306,350.43478,0.008889024,423.91306,319.13043,0.047934815,390.0,287.82608,0.015574407,408.2609,248.69565,0.033282105,408.2609,247.39131,0.053561386,392.6087,287.82608,0.09197698,373.0435,273.47827,0.5107175,399.13046,274.78262,0.4943378,423.91306,270.86957,0.6159014,395.2174,323.0435,0.11018889,367.8261,304.78262,0.54153,406.95654,302.17392,0.5692977,435.6522,296.9565,0.75337183,404.34784,320.43478,0.18948066,366.52176,326.95654,0.50920373,403.0435,324.34784,0.641527,431.73914,317.82608,0.83746344,409.56525,345.2174,0.13000418,366.52176,345.2174,0.53693044,395.2174,342.6087,0.75667167,417.39133,338.69565,0.72731394,
512.1739,280.0,0.49516213,473.04346,320.43478,0.67593324,433.91302,360.86957,0.9221793,401.30435,389.56522,0.8665615,379.13043,414.34784,0.81801814,410.43478,340.0,0.11575069,366.08694,341.30435,0.86450094,400.0,346.52176,0.86629474,419.56522,342.6087,0.66683275,419.56522,294.34784,0.27252898,373.91302,316.52176,0.94847095,418.26086,323.0435,0.9106258,440.43478,319.13043,0.6384978,413.04346,266.9565,0.27771288,381.73914,291.73914,0.75168437,416.9565,299.56522,0.68939674,445.65216,298.26086,0.67833877,407.82608,238.26088,0.78878397,386.9565,266.9565,0.7942212,410.43478,281.30435,0.6438864,432.60867,276.08698,0.8562263,420.0,303.47827,0.011475683,431.73914,321.73914,0.053912856,477.39133,341.30435,0.026072549,400.43478,269.56522,0.014943709,396.52176,274.78262,0.023155926,426.52176,290.43478,0.059238337,382.17392,278.69565,0.2762571,404.34784,278.69565,0.39742267,430.43478,278.69565,0.41784722,399.13046,329.56522,0.048699107,373.0435,307.3913,0.38754436,410.86957,303.47827,0.4453611,440.86957,298.26086,0.57266176,403.0435,326.95654,0.13239369,373.0435,323.0435,0.47502005,409.56525,323.0435,0.5666882,438.2609,317.82608,0.7247283,393.91306,334.78262,0.10473241,371.73914,343.91306,0.39157912,399.13046,342.6087,0.6863828,422.6087,338.69565,0.5533146,
568.26086,281.30435,0.47451982,531.73914,320.43478,0.6471973,492.6087,356.95654,0.89905393,463.91302,381.73914,0.8770963,440.43478,409.13043,0.8481814,473.04346,332.17392,0.124034844,435.21738,334.78262,0.8931026,469.13043,340.0,0.6799952,484.7826,336.08698,0.508245,487.3913,295.6522,0.23393852,443.04346,310.0,0.774154,486.08694,320.43478,0.8506597,505.65216,313.91306,0.6521705,460.0,259.13043,0.21156092,452.17392,287.82608,0.79837716,487.3913,294.34784,0.65440774,513.4783,296.9565,0.5632153,476.9565,235.65218,0.61863136,460.0,261.73914,0.6366285,484.7826,274.78262,0.6254909,499.13043,268.26086,0.7584801,272.6087,264.34784,0.018650204,237.39131,317.82608,0.012889275,259.56522,356.95654,0.010483204,260.86957,355.6522,0.011500589,233.47827,321.73914,0.0073296176,260.86957,345.2174,0.015863553,237.39131,346.52176,0.013554029,240.00002,342.6087,0.011892016,229.56523,340.0,0.0073474064,250.43478,351.73914,0.009285136,232.17392,347.82608,0.0107867755,236.08696,342.6087,0.009752901,217.8261,375.2174,0.0051332614,251.73914,465.2174,0.00884035,238.69566,463.91306,0.011736973,251.73914,469.13043,0.008932923,230.86957,375.2174,0.0052009136,217.8261,496.52176,0.0140311625,247.8261,467.8261,0.011488734,160.43478,329.56522,0.0098751895,254.34784,467.8261,0.00625713,
527.8261,259.13043,0.48250434,493.91302,299.56522,0.69298595,461.30435,340.0,0.896231,432.60867,370.0,0.8836549,413.04346,397.39133,0.8119958,439.13043,315.2174,0.16188335,396.08694,321.73914,0.94821435,430.0,323.0435,0.85139835,449.56522,319.13043,0.64264476,444.3478,277.3913,0.29828158,402.60867,295.6522,0.9243938,444.3478,300.86957,0.8701124,465.21738,295.6522,0.61727506,439.13043,255.21739,0.26920024,410.43478,272.17392,0.6635047,441.73914,277.3913,0.6711594,470.43478,276.08698,0.68448526,433.91302,223.91304,0.5956933,414.3478,246.08696,0.755942,436.52173,257.82608,0.6398495,456.08694,253.91304,0.816651,263.47827,264.34784,0.012259958,229.56523,311.30435,0.013852517,219.13045,302.17392,0.011280797,219.13045,302.17392,0.012262396,228.26088,315.2174,0.007739214,249.13045,345.2174,0.017588103,229.56523,359.56522,0.013406256,237.39131,343.91306,0.011958127,219.13045,376.52176,0.0066982573,220.43478,508.2609,0.011788493,232.17392,513.4783,0.011395942,234.78262,343.91306,0.009683893,215.21739,376.52176,0.0053652558,224.34784,509.56522,0.012133288,230.86957,512.17395,0.012974162,247.8261,467.8261,0.009298909,223.04349,375.2174,0.0055747572,157.8261,360.86957,0.016478475,220.43478,510.86957,0.010414041,156.52174,336.08698,0.015238846,156.52174,336.08698,0.008201556,
548.6957,266.9565,0.44745412,516.087,304.78262,0.67288303,480.86957,343.91306,0.9273648,450.86957,371.30435,0.9007758,430.0,398.69565,0.83934486,456.08694,321.73914,0.17831132,416.9565,325.6522,0.8967135,452.17392,326.95654,0.78499913,470.43478,323.0435,0.61735183,465.21738,283.91306,0.2550085,424.7826,298.26086,0.8477433,465.21738,304.78262,0.8658027,486.08694,300.86957,0.6531778,462.6087,257.82608,0.19563973,430.0,274.78262,0.66475606,463.91302,281.30435,0.7610349,491.30435,281.30435,0.58062017,457.3913,229.13043,0.46717745,436.52173,251.30435,0.7026079,460.0,261.73914,0.6232218,478.26086,257.82608,0.8263501,268.69565,268.26086,0.01755738,229.56523,316.52176,0.013026951,219.13045,302.17392,0.0107787885,153.91306,324.34784,0.011513144,163.04349,315.2174,0.0099432655,256.95654,338.69565,0.017149929,238.69566,347.82608,0.014612037,241.30435,342.6087,0.012267371,225.65218,342.6087,0.006814569,168.26088,334.78262,0.010208225,156.52174,329.56522,0.013701959,232.17392,342.6087,0.012356145,211.30435,376.52176,0.0058535673,163.04349,333.47827,0.013012264,157.8261,328.26086,0.012326636,206.08696,376.52176,0.010720352,206.08696,375.2174,0.007481402,147.39131,359.56522,0.023522891,159.13045,328.26086,0.012147754,157.8261,334.78262,0.017004516,157.8261,336.08698,0.009346979,
513.4783,266.9565,0.49357182,474.3478,306.08698,0.6619507,437.82608,346.52176,0.94668615,407.82608,376.52176,0.8371859,385.65216,401.30435,0.78913593,419.56522,323.0435,0.17897604,372.60867,332.17392,0.9141067,405.21738,332.17392,0.82797086,420.86957,328.26086,0.570193,419.56522,283.91306,0.34490454,379.13043,306.08698,0.8898747,419.56522,310.0,0.83953613,441.73914,303.47827,0.7153044,415.65216,261.73914,0.35247326,383.04346,281.30435,0.7540161,414.3478,285.2174,0.7079028,444.3478,281.30435,0.62803864,411.73914,231.73914,0.77111703,386.9565,255.21739,0.8430326,409.13043,266.9565,0.59300345,428.69565,263.0435,0.7460098,413.47827,296.9565,0.014376838,423.91306,311.30435,0.024222415,216.52174,303.47827,0.008343226,216.52174,302.17392,0.008084012,392.6087,270.86957,0.005710503,422.6087,311.30435,0.014763943,391.30435,273.47827,0.033052117,393.91306,263.0435,0.025737908,392.6087,261.73914,0.018255588,397.8261,316.52176,0.020219605,388.69568,298.26086,0.068454586,404.34784,281.30435,0.068516396,433.0435,289.13043,0.06279197,433.0435,320.43478,0.02482146,379.56522,319.13043,0.092657395,409.56525,307.3913,0.06288062,434.34784,307.3913,0.08140636,420.0,321.73914,0.02978065,380.86957,333.47827,0.077144876,401.73914,329.56522,0.112944335,425.2174,323.0435,0.08888384,
553.913,295.6522,0.47435084,517.3913,338.69565,0.6501037,480.86957,376.52176,0.9459208,452.17392,402.6087,0.9279289,430.0,428.69565,0.8383137,453.47824,353.0435,0.10136344,416.9565,360.86957,0.8987863,450.86957,364.78262,0.75497866,470.43478,360.86957,0.5641816,466.52173,315.2174,0.24725023,423.47824,333.47827,0.9289076,466.52173,342.6087,0.9241416,488.69565,334.78262,0.6340035,448.26086,283.91306,0.28847113,430.0,310.0,0.81301826,465.21738,316.52176,0.6436881,493.91302,316.52176,0.5733247,450.86957,257.82608,0.7030116,436.52173,283.91306,0.7729914,462.6087,296.9565,0.67467034,480.86957,291.73914,0.75367844,268.69565,248.69565,0.014058001,224.34784,501.73914,0.009504013,232.17392,501.73914,0.010589672,219.13045,298.26086,0.009755337,255.65218,356.95654,0.0043964125,242.6087,516.087,0.016220745,229.56523,512.17395,0.010488709,247.8261,473.0435,0.007349936,233.47827,366.08698,0.0048117447,219.13045,512.17395,0.012765992,225.65218,513.4783,0.012280835,225.65218,512.17395,0.0069005108,230.86957,362.17392,0.004041482,215.21739,509.56522,0.015578133,213.91306,510.86957,0.014797004,216.52174,510.86957,0.009250587,262.17392,474.34784,0.004836938,213.91306,500.43478,0.030222889,213.91306,501.73914,0.014068804,247.8261,475.6522,0.009012954,258.26086,471.73914,0.006118819,
581.3043,286.52173,0.43260503,552.6087,324.34784,0.61188024,517.3913,360.86957,0.9068171,486.08694,386.95654,0.9008099,461.30435,414.34784,0.9141462,495.21738,340.0,0.09172762,457.3913,341.30435,0.9574299,491.30435,345.2174,0.7435413,506.9565,343.91306,0.6640155,509.56522,300.86957,0.18693684,465.21738,313.91306,0.8252628,506.9565,325.6522,0.8636712,526.5217,321.73914,0.5942145,482.17392,260.43478,0.23017216,470.43478,291.73914,0.85331076,506.9565,302.17392,0.6733924,533.04346,302.17392,0.50190866,495.21738,239.56522,0.68203235,479.56522,268.26086,0.6161529,504.3478,281.30435,0.6070881,520.0,276.08698,0.8029321,271.30435,270.86957,0.014846346,233.47827,317.82608,0.0188561,263.47827,359.56522,0.013327147,262.17392,359.56522,0.01493667,259.56522,356.95654,0.007888359,258.26086,346.52176,0.021889944,251.73914,355.6522,0.019130077,242.6087,337.3913,0.012805472,221.73914,326.95654,0.008181029,176.08696,355.6522,0.01895954,215.21739,375.2174,0.020661198,152.6087,353.0435,0.0146592185,213.91306,376.52176,0.008344494,161.73914,358.26086,0.02211292,213.91306,385.6522,0.01838396,147.39131,362.17392,0.014768659,217.8261,377.82608,0.00919915,142.17392,358.26086,0.040441528,130.43478,351.73914,0.01687278,140.86957,364.78262,0.01947143,140.86957,363.47827,0.011772241,
548.6957,244.78261,0.42236996,516.087,280.0,0.63990146,480.86957,317.82608,0.93000185,450.86957,346.52176,0.8914035,430.0,373.91306,0.8758721,461.30435,291.73914,0.18621789,418.26086,299.56522,0.8752198,452.17392,299.56522,0.87276965,470.43478,294.34784,0.6515598,467.82608,257.82608,0.28149354,426.08694,270.86957,0.87770385,469.13043,276.08698,0.79770184,488.69565,272.17392,0.6884198,469.13043,230.43478,0.27128258,433.91302,248.69565,0.67720526,466.52173,251.30435,0.70582896,493.91302,253.91304,0.5790825,463.91302,204.34782,0.48505473,440.43478,225.21739,0.7381384,462.6087,233.04349,0.6818205,479.56522,230.43478,0.78708243,260.86957,239.56522,0.014808502,226.95653,311.30435,0.014927932,217.8261,304.78262,0.012198276,220.43478,300.86957,0.014508372,169.56522,312.6087,0.0099434005,253.04349,334.78262,0.022431238,170.86957,304.78262,0.018906664,242.6087,338.69565,0.0142117925,172.17392,310.0,0.007592362,172.17392,351.73914,0.013512215,156.52174,325.6522,0.016794113,240.00002,337.3913,0.0143656,211.30435,377.82608,0.0065728347,165.65218,360.86957,0.016599894,157.8261,326.95654,0.016236642,159.13045,326.95654,0.012031097,202.17392,375.2174,0.008722768,157.8261,359.56522,0.0256549,166.95653,332.17392,0.01461907,168.26088,341.30435,0.023428917,165.65218,338.69565,0.011403122,
495.21738,255.21739,0.4156926,456.08694,291.73914,0.6103161,420.86957,332.17392,0.90181637,392.1739,360.86957,0.8863824,368.69565,386.95654,0.8152785,394.7826,311.30435,0.2087419,354.3478,315.2174,0.86501366,386.9565,316.52176,0.847353,407.82608,311.30435,0.61699736,402.60867,273.47827,0.18988729,360.86957,289.13043,0.9707727,401.30435,291.73914,0.8739675,423.47824,287.82608,0.6809875,397.3913,243.47827,0.16404828,367.3913,265.6522,0.7840731,400.0,268.26086,0.79464775,427.3913,266.9565,0.751017,393.47824,217.39131,0.48985755,371.30435,239.56522,0.7361252,394.7826,248.69565,0.65512925,414.3478,246.08696,0.83136725,397.8261,278.69565,0.010495252,413.47827,293.0435,0.02258087,153.91306,326.95654,0.008005252,151.30435,333.47827,0.00908189,152.6087,326.95654,0.0056027044,405.6522,291.73914,0.020959845,376.95654,251.30435,0.04284307,382.17392,247.39131,0.044512667,375.6522,240.86957,0.035111472,380.86957,299.56522,0.034775835,371.73914,285.2174,0.10500601,387.39133,274.78262,0.121837914,420.0,274.78262,0.119075954,380.86957,302.17392,0.039107658,361.30435,296.9565,0.1763636,388.69568,291.73914,0.14267361,418.69568,290.43478,0.21551561,393.91306,303.47827,0.039922215,360.0,317.82608,0.24901712,380.86957,311.30435,0.33483663,404.34784,310.0,0.18207574,
401.30435,457.39133,0.0076323245,379.13043,463.91306,0.0035553637,162.60867,316.52176,0.004350294,162.60867,315.2174,0.0031427585,240.86955,388.26086,0.0013466813,162.60867,282.6087,0.0035391268,162.60867,282.6087,0.0032227568,478.26086,367.39133,0.0027972911,239.5652,385.6522,0.0052050576,162.60867,283.91306,0.0034841986,474.3478,375.2174,0.0013658651,432.60867,475.6522,0.0023208742,239.5652,384.34784,0.0036611245,162.60867,282.6087,0.0033856279,473.04346,390.86957,0.0021641783,432.60867,479.56522,0.0032921939,240.86955,383.0435,0.0065119513,162.60867,281.30435,0.0042962143,475.65216,386.95654,0.003995692,433.91302,480.86957,0.0038655065,242.1739,383.0435,0.0051812637,125.21739,263.0435,0.54984605,156.52174,303.47827,0.6319666,193.04349,338.69565,0.95687366,223.04349,364.78262,0.8031204,241.30435,384.34784,0.8363281,215.21739,312.6087,0.3711841,249.13045,325.6522,0.78870517,228.26088,321.73914,0.65584385,211.30435,319.13043,0.5204397,216.52174,282.6087,0.47813672,245.2174,298.26086,0.75324523,212.6087,302.17392,0.6069177,199.56523,296.9565,0.5743022,216.52174,260.43478,0.48186943,240.00002,276.08698,0.5749924,220.43478,278.69565,0.59515136,200.86957,274.78262,0.51436853,217.8261,231.73914,0.6758828,242.6087,248.69565,0.69979864,225.65218,256.52173,0.6262399,207.39131,256.52173,0.7506787,
402.60867,462.6087,0.012310289,393.47824,470.43478,0.0038405838,452.17392,325.6522,0.0033990666,449.56522,326.95654,0.002828132,249.99998,413.0435,0.00196432,424.7826,457.39133,0.0035068912,430.0,460.0,0.003772228,432.60867,463.91306,0.003581749,252.60869,398.69565,0.004829083,426.08694,457.39133,0.0030909332,431.30435,462.6087,0.0016233597,432.60867,465.2174,0.0028709911,251.30434,394.78262,0.004559322,430.0,461.30435,0.0033493722,432.60867,469.13043,0.002462999,433.91302,471.73914,0.0035885312,253.91302,394.78262,0.007871618,433.91302,467.8261,0.004883622,435.21738,473.0435,0.004668033,435.21738,476.95654,0.004186136,255.21738,394.78262,0.0051851915,147.39131,270.86957,0.59838146,176.08696,312.6087,0.72606134,208.69566,350.43478,0.9181794,241.30435,377.82608,0.7718812,258.26086,396.08698,0.7286573,229.56523,325.6522,0.37026078,268.69565,338.69565,0.83821714,241.30435,332.17392,0.6366949,220.43478,326.95654,0.41087773,237.39131,296.9565,0.55440646,267.39133,311.30435,0.811008,234.78262,319.13043,0.57576424,217.8261,308.69565,0.56631076,241.30435,276.08698,0.52404875,264.78262,290.43478,0.62298816,240.00002,289.13043,0.61913055,220.43478,280.0,0.5814724,242.6087,248.69565,0.72510535,262.17392,263.0435,0.5871998,246.52174,272.17392,0.5488799,226.95653,269.56522,0.7387389,
406.52173,460.0,0.00872374,376.52173,463.91306,0.003903179,291.7391,319.13043,0.0046209996,287.82608,320.43478,0.0042155827,300.86957,342.6087,0.0018553414,476.9565,360.86957,0.004158507,466.52173,316.52176,0.0045550223,299.56522,321.73914,0.0039871708,299.56522,342.6087,0.006376846,483.47824,362.17392,0.0042778607,478.26086,358.26086,0.0016142144,285.21738,321.73914,0.0028132317,296.9565,341.30435,0.003172505,483.47824,362.17392,0.0039216634,282.60867,321.73914,0.002598089,285.21738,324.34784,0.0044583646,300.86957,341.30435,0.00830411,484.7826,366.08698,0.00427124,276.08694,319.13043,0.0070849685,282.60867,325.6522,0.011106277,300.86957,340.0,0.008168958,177.39131,225.21739,0.49019095,212.6087,256.52173,0.6929766,246.52174,295.6522,0.88623524,276.52176,321.73914,0.8666054,296.08698,342.6087,0.8890415,294.78262,265.6522,0.19119401,306.52176,268.26086,0.5011706,281.73914,269.56522,0.3799837,260.86957,266.9565,0.25174898,280.43478,236.95653,0.12991327,302.6087,244.78261,0.3953802,267.39133,252.6087,0.39874074,255.65218,247.39131,0.3351579,286.95654,212.17392,0.16826305,296.08698,218.69565,0.17374325,272.6087,222.6087,0.30410114,256.95654,217.39131,0.3470208,276.52176,187.39131,0.16210069,273.91306,190.0,0.14782454,270.0,200.43478,0.23472086,259.56522,206.95653,0.3658105,
419.56522,460.0,0.005833346,385.65216,454.78262,0.0033611848,295.65216,325.6522,0.0056061866,294.3478,325.6522,0.005503961,306.08694,362.17392,0.0034963426,473.04346,319.13043,0.0030220244,296.9565,329.56522,0.0040905736,308.69565,330.86957,0.004800506,304.7826,353.0435,0.006350955,294.3478,330.86957,0.0023833702,293.04346,329.56522,0.001895742,293.04346,330.86957,0.0034965824,298.26086,264.34784,0.0038975994,295.65216,329.56522,0.0021978437,291.7391,329.56522,0.002901667,293.04346,332.17392,0.0054118168,303.47824,346.52176,0.007302087,345.21738,454.78262,0.0038018585,274.7826,321.73914,0.0083857225,294.3478,332.17392,0.016689174,300.86957,337.3913,0.008063395,183.91306,231.73914,0.5312481,220.43478,265.6522,0.72695494,254.34784,302.17392,0.94355595,285.6522,328.26086,0.9083537,303.91306,350.43478,0.8922092,277.8261,270.86957,0.26881397,316.95654,277.3913,0.7328235,289.56522,278.69565,0.5493667,270.0,277.3913,0.40075123,280.43478,242.17392,0.4490748,315.6522,255.21739,0.69441116,280.43478,264.34784,0.6257267,260.86957,259.13043,0.56040084,281.73914,220.0,0.49091017,309.13043,234.34782,0.55645734,283.0435,236.95653,0.5399722,268.69565,234.34782,0.36112058,284.34784,195.21739,0.5475609,302.6087,210.86957,0.43484724,284.34784,217.39131,0.5969722,271.30435,217.39131,0.69279766,
419.56522,463.91306,0.008173047,393.47824,462.6087,0.0037180148,290.43478,345.2174,0.013986033,283.91302,354.34784,0.035630282,300.86957,381.73914,0.03336125,272.1739,291.73914,0.005061831,302.1739,289.13043,0.012031582,304.7826,259.13043,0.010956055,300.86957,373.91306,0.021086236,270.86954,295.6522,0.0050400877,306.08694,287.82608,0.0330003,307.3913,285.2174,0.034999482,307.3913,287.82608,0.018385423,272.1739,296.9565,0.0060293674,308.69565,300.86957,0.02195583,308.69565,298.26086,0.02483721,308.69565,298.26086,0.019180417,261.7391,321.73914,0.01495753,289.13043,353.0435,0.022210302,293.04346,360.86957,0.063625194,307.3913,373.91306,0.051997717,187.8261,246.08696,0.44783938,221.73914,283.91306,0.7171789,254.34784,326.95654,0.97486305,284.34784,353.0435,0.9241658,301.30435,375.2174,0.88492054,293.47827,300.86957,0.18472977,313.0435,310.0,0.7404789,283.0435,306.08698,0.77022386,268.69565,302.17392,0.5611844,283.0435,269.56522,0.39979532,313.0435,285.2174,0.6488117,273.91306,286.52173,0.6492315,260.86957,283.91306,0.5201949,284.34784,243.47827,0.39777094,310.43478,266.9565,0.6174195,284.34784,265.6522,0.52802867,266.08698,259.13043,0.39045596,289.56522,214.78261,0.59386075,313.0435,240.86957,0.6339649,290.86957,247.39131,0.7247996,273.91306,244.78261,0.8358828,
416.9565,461.30435,0.010055482,255.21738,278.69565,0.006709577,259.13043,289.13043,0.0041894503,259.13043,287.82608,0.0035328164,293.04346,256.52173,0.006031241,263.04346,287.82608,0.0073157162,286.52173,259.13043,0.083096616,285.21738,256.52173,0.085360534,270.86954,259.13043,0.07892555,269.56522,298.26086,0.015329981,296.9565,287.82608,0.13420904,289.13043,274.78262,0.13207404,260.43478,276.08698,0.06704081,255.21738,308.69565,0.039918903,302.1739,311.30435,0.34515044,285.21738,303.47827,0.1090273,255.21738,300.86957,0.07213185,247.3913,332.17392,0.14338164,276.08694,355.6522,0.21433088,282.60867,363.47827,0.37090838,291.7391,376.52176,0.3816834,180.0,252.6087,0.50078475,210.0,293.0435,0.72584474,243.91306,333.47827,0.93962216,275.2174,358.26086,0.9171201,294.78262,379.13043,0.8710535,266.08698,306.08698,0.20365459,302.6087,312.6087,0.7292043,270.0,311.30435,0.6566924,249.13045,308.69565,0.4473404,270.0,274.78262,0.39071745,301.30435,293.0435,0.54858804,262.17392,296.9565,0.7027897,249.13045,293.0435,0.59907275,273.91306,253.91304,0.40067875,298.69565,273.47827,0.6504377,270.0,273.47827,0.56149006,254.34784,265.6522,0.36954972,276.52176,223.91304,0.5639001,297.39133,244.78261,0.6906645,276.52176,253.91304,0.5998136,259.56522,250.0,0.77231705,
251.30434,283.91306,0.013584737,266.9565,286.52173,0.005046903,272.1739,293.0435,0.0035193479,274.7826,289.13043,0.0032512762,321.7391,371.30435,0.00445113,276.08694,287.82608,0.0078713205,298.26086,266.9565,0.029229851,302.1739,259.13043,0.020431973,302.1739,259.13043,0.017039526,269.56522,296.9565,0.012154587,304.7826,287.82608,0.08438488,306.08694,274.78262,0.07226962,302.1739,263.0435,0.030925103,266.9565,311.30435,0.047431808,311.30432,312.6087,0.15851404,303.47824,306.08698,0.07535662,320.43478,319.13043,0.031271197,255.21738,332.17392,0.21412069,283.91302,353.0435,0.33644387,294.3478,362.17392,0.4676528,302.1739,373.91306,0.55210644,187.8261,252.6087,0.47820774,219.13045,293.0435,0.73242813,253.04349,332.17392,0.953014,284.34784,355.6522,0.93058383,303.91306,375.2174,0.8937613,293.47827,306.08698,0.25108907,313.0435,312.6087,0.74346834,281.73914,311.30435,0.7306625,263.47827,307.3913,0.5856019,279.13043,274.78262,0.3904882,310.43478,287.82608,0.6068724,275.2174,295.6522,0.6375544,259.56522,291.73914,0.5600889,280.43478,252.6087,0.38980138,307.8261,270.86957,0.6516197,281.73914,270.86957,0.57813567,263.47827,265.6522,0.4200494,280.43478,222.6087,0.61183107,306.52176,243.47827,0.679893,285.6522,252.6087,0.67033184,268.69565,248.69565,0.83988357,
414.3478,463.91306,0.008460276,392.1739,462.6087,0.0038289528,350.43478,462.6087,0.0034895665,449.56522,336.08698,0.0024291263,452.17392,247.39131,0.0015331162,409.13043,513.4783,0.002578422,355.65216,452.17392,0.0029909872,356.9565,449.56522,0.0034183948,273.47824,354.34784,0.0049128,411.73914,513.4783,0.0026979023,358.26086,449.56522,0.00143898,358.26086,449.56522,0.0027492975,272.1739,353.0435,0.0027866669,411.73914,512.17395,0.0027472808,359.56522,449.56522,0.0021752366,264.3478,342.6087,0.0032368326,274.7826,353.0435,0.006645125,356.9565,454.78262,0.0036905345,252.60869,340.0,0.004226991,261.7391,342.6087,0.005907864,274.7826,351.73914,0.0064950604,152.6087,248.69565,0.5216606,182.6087,280.0,0.6782564,217.8261,315.2174,0.8776649,253.04349,337.3913,0.8926642,276.52176,356.95654,0.8996691,234.78262,286.52173,0.21362633,277.8261,290.43478,0.7785555,240.00002,291.73914,0.49370813,216.52174,290.43478,0.35424554,236.08696,255.21739,0.37335658,271.30435,266.9565,0.5879341,230.86957,276.08698,0.5950369,217.8261,272.17392,0.45824617,237.39131,233.04349,0.40264648,263.47827,247.39131,0.62914705,237.39131,251.30435,0.57685554,221.73914,243.47827,0.44384784,250.43478,206.95653,0.5161535,256.95654,220.0,0.556839,238.69566,226.52174,0.57446605,224.34784,230.43478,0.636362,
414.3478,460.0,0.0053361235,413.04346,460.0,0.0040942347,351.7391,457.39133,0.005629952,351.7391,454.78262,0.005350301,353.04346,462.6087,0.0020247863,418.26086,491.30435,0.0044330438,360.86957,446.95654,0.007037892,353.04346,450.86957,0.0072749583,353.04346,454.78262,0.004648429,418.26086,504.34784,0.0049356446,364.7826,448.2609,0.0060823755,358.26086,448.2609,0.005188943,354.3478,452.17392,0.002724025,418.26086,504.34784,0.00501684,435.21738,471.73914,0.0063170325,359.56522,493.91306,0.0070051625,353.04346,482.17392,0.0060326513,443.04346,474.34784,0.006499616,349.13043,450.86957,0.006408578,356.9565,492.6087,0.006195966,353.04346,483.47827,0.0058469702,122.6087,266.9565,0.59608966,157.8261,296.9565,0.65346056,195.65218,330.86957,0.9326642,230.86957,351.73914,0.89807177,255.65218,371.30435,0.8901784,208.69566,302.17392,0.27321696,251.73914,304.78262,0.7399658,228.26088,307.3913,0.36894554,208.69566,310.0,0.29277143,207.39131,272.17392,0.41683346,247.8261,277.3913,0.54919505,210.0,294.34784,0.42053518,196.95653,289.13043,0.45481822,199.56523,250.0,0.38789615,234.78262,255.21739,0.4351114,210.0,265.6522,0.44953424,193.04349,263.0435,0.45956782,187.8261,223.91304,0.57962257,226.95653,231.73914,0.48041913,216.52174,244.78261,0.40133914,196.95653,246.08696,0.55915254,
453.47824,377.82608,0.032381997,449.56522,465.2174,0.014324721,341.30435,409.13043,0.01135566,336.08694,402.6087,0.012665987,328.26086,384.34784,0.008040185,400.0,333.47827,0.01895405,411.73914,422.17392,0.014860593,415.65216,427.39133,0.010518563,424.7826,441.73914,0.007325137,410.43478,347.82608,0.012050075,413.04346,422.17392,0.01891181,415.65216,426.08698,0.01010683,423.47824,441.73914,0.006388926,414.3478,350.43478,0.014938027,414.3478,420.86957,0.01735275,415.65216,427.39133,0.012827714,416.9565,444.34784,0.008480109,444.3478,333.47827,0.0148897255,418.26086,424.78262,0.010496338,416.9565,428.69565,0.010710331,418.26086,444.34784,0.008093163,103.04348,257.82608,0.38972193,127.82609,282.6087,0.4878658,164.34784,319.13043,0.85392237,199.56523,336.08698,0.8005082,221.73914,351.73914,0.81923467,207.39131,281.30435,0.01852365,219.13045,289.13043,0.15883076,187.8261,289.13043,0.084504135,181.30435,282.6087,0.044911355,125.21739,227.8261,0.013487197,177.39131,227.8261,0.0069515835,178.69566,277.3913,0.08950505,173.47827,269.56522,0.064532876,135.65218,227.8261,0.008820523,177.39131,227.8261,0.014542406,180.0,239.56522,0.053823225,165.65218,240.86957,0.051226653,177.39131,216.08696,0.017573081,165.65218,218.69565,0.030296948,166.95653,225.21739,0.07073462,177.39131,225.21739,0.094762556,
445.65216,212.17392,0.021881962,415.65216,474.34784,0.013069897,326.9565,291.73914,0.011609436,390.86957,503.0435,0.008690019,379.13043,280.0,0.0060456465,411.73914,461.30435,0.008504121,444.3478,462.6087,0.009913497,400.0,285.2174,0.03679189,396.08694,289.13043,0.016926724,400.0,461.30435,0.008621603,443.04346,460.0,0.01030007,403.91302,283.91306,0.0125784,405.21738,230.43478,0.011290653,390.86957,461.30435,0.008711754,410.43478,460.0,0.010811066,423.47824,460.0,0.008761671,383.04346,300.86957,0.016377686,385.65216,466.52176,0.01099584,389.56522,495.2174,0.011452483,396.08694,294.34784,0.030438581,388.26086,304.78262,0.017094046,296.08698,473.0435,0.030021075,229.56523,483.47827,0.04554402,263.47827,504.34784,0.042669326,297.39133,473.0435,0.026338147,301.30435,493.91306,0.013859455,273.91306,416.95654,0.064960636,258.26086,389.56522,0.08512279,253.04349,394.78262,0.07774126,243.91306,424.78262,0.034497146,249.13045,430.0,0.12729843,229.56523,402.6087,0.10588948,219.13045,406.52176,0.13069436,229.56523,431.30435,0.09808621,226.95653,441.73914,0.14090353,212.6087,427.39133,0.1459459,207.39131,424.78262,0.14105968,200.86957,439.13043,0.10730378,208.69566,453.47827,0.10829164,193.04349,441.73914,0.15193316,187.8261,444.34784,0.22423099,183.91306,452.17392,0.23584715,
491.30435,206.95653,0.3911824,475.65216,233.04349,0.5136622,448.26086,266.9565,0.83220744,424.7826,287.82608,0.900627,403.91302,306.08698,0.83911616,420.86957,255.21739,0.19819266,400.0,259.13043,0.6340349,436.52173,264.34784,0.39989045,452.17392,264.34784,0.39051342,431.30435,225.21739,0.20016408,406.52173,238.26088,0.60579956,440.43478,247.39131,0.7322331,450.86957,246.08696,0.45971903,432.60867,200.43478,0.22644567,413.04346,222.6087,0.740101,440.43478,226.52174,0.6304412,457.3913,222.6087,0.5288819,428.69565,178.26086,0.4071918,418.26086,196.52174,0.6239204,432.60867,204.34782,0.5817992,448.26086,204.34782,0.7063291,139.56522,471.73914,0.025356563,225.65218,479.56522,0.028976073,216.52174,299.56522,0.027595077,159.13045,325.6522,0.060874768,161.73914,332.17392,0.013887445,254.34784,285.2174,0.022165194,272.6087,419.56522,0.027869629,242.6087,264.34784,0.050167955,246.52174,257.82608,0.036097176,226.95653,420.86957,0.027903743,215.21739,398.69565,0.03864184,208.69566,402.6087,0.036738805,228.26088,428.69565,0.019044792,217.8261,449.56522,0.047784127,206.08696,431.30435,0.041774683,204.78262,423.47827,0.042596396,189.13045,449.56522,0.03473596,204.78262,453.47827,0.038346846,182.6087,440.43478,0.04289499,183.91306,441.73914,0.08038513,176.08696,454.78262,0.076785944,
488.69565,196.52174,0.009360889,407.82608,473.0435,0.012738034,401.30435,496.52176,0.009766646,398.69565,501.73914,0.008756945,337.3913,445.6522,0.004090126,413.04346,450.86957,0.009323139,422.17392,450.86957,0.01084112,437.82608,283.91306,0.033982135,433.91302,289.13043,0.018054405,401.30435,450.86957,0.010591464,424.7826,452.17392,0.011584815,443.04346,277.3913,0.010879417,440.43478,247.39131,0.0071789017,389.56522,452.17392,0.011771527,406.52173,452.17392,0.012238686,419.56522,450.86957,0.00988658,422.17392,299.56522,0.016001357,386.9565,456.08698,0.01379361,389.56522,490.0,0.011089888,436.52173,290.43478,0.0217932,426.08694,304.78262,0.021694843,134.34782,465.2174,0.022178592,206.08696,474.34784,0.017458107,249.13045,293.0435,0.0229222,263.47827,293.0435,0.017737001,254.34784,261.73914,0.009459941,249.13045,287.82608,0.03343494,242.6087,285.2174,0.03544612,242.6087,264.34784,0.065567695,247.8261,253.91304,0.043420725,230.86957,313.91306,0.023858942,200.86957,334.78262,0.024477229,206.08696,342.6087,0.026465548,212.6087,360.86957,0.01441347,185.21739,326.95654,0.025813108,195.65218,337.3913,0.022851855,210.0,354.34784,0.023714159,211.30435,358.26086,0.01787917,177.39131,325.6522,0.035228997,152.6087,323.0435,0.017024785,177.39131,439.13043,0.028884497,178.69566,443.0435,0.016014347,
501.73914,205.65218,0.42069614,495.21738,230.43478,0.40204686,475.65216,263.0435,0.42278785,457.3913,289.13043,0.23295854,430.0,300.86957,0.08826858,462.6087,251.30435,0.08147645,467.82608,270.86957,0.32992938,452.17392,290.43478,0.51954955,436.52173,311.30435,0.40179098,452.17392,236.95653,0.08972164,439.13043,251.30435,0.25051862,439.13043,253.91304,0.1808955,431.30435,251.30435,0.12595639,443.04346,210.86957,0.14320576,443.04346,225.21739,0.34408736,450.86957,217.39131,0.18884538,475.65216,212.17392,0.21230792,443.04346,180.86957,0.23600745,443.04346,192.6087,0.34714916,456.08694,200.43478,0.32860404,466.52173,193.91304,0.3248566,281.73914,251.30435,0.023328876,251.73914,381.73914,0.01819457,232.17392,303.47827,0.022908902,208.69566,296.9565,0.01456034,250.43478,449.56522,0.0065458887,247.8261,358.26086,0.02570263,249.13045,377.82608,0.030857362,203.47827,281.30435,0.013018008,207.39131,255.21739,0.01103398,194.34784,313.91306,0.017944992,166.95653,338.69565,0.017163167,183.91306,433.91306,0.010818355,186.52174,371.30435,0.006329555,194.34784,312.6087,0.02321672,173.47827,313.91306,0.021637281,168.26088,360.86957,0.017889129,173.47827,366.08698,0.011713565,191.73914,303.47827,0.037332445,181.30435,283.91306,0.06257685,183.91306,283.91306,0.039454143,151.30435,358.26086,0.0144421775,
504.3478,214.78261,0.3865723,487.3913,243.47827,0.5877321,461.30435,276.08698,0.90080816,439.13043,296.9565,0.91058016,418.26086,317.82608,0.8374845,430.0,261.73914,0.25273216,414.3478,264.34784,0.63173175,450.86957,266.9565,0.38162524,466.52173,263.0435,0.31315917,449.56522,227.8261,0.2849542,419.56522,239.56522,0.6563649,452.17392,251.30435,0.6629052,458.69565,246.08696,0.46197867,445.65216,206.95653,0.285367,424.7826,227.8261,0.7129967,452.17392,225.21739,0.6124247,466.52173,220.0,0.502002,441.73914,186.08696,0.38159814,430.0,199.13043,0.6775317,444.3478,203.04347,0.54160535,456.08694,203.04347,0.6549643,146.08696,466.52176,0.033809166,243.91306,492.6087,0.023447093,260.86957,505.6522,0.02027506,283.0435,526.5217,0.013954239,262.17392,383.0435,0.007410554,270.0,345.2174,0.026436899,263.47827,376.52176,0.035992824,259.56522,273.47827,0.043528758,263.47827,259.13043,0.02738013,228.26088,448.2609,0.0342343,234.78262,396.08698,0.029196484,238.69566,411.73914,0.02260634,251.73914,424.78262,0.013084429,213.91306,449.56522,0.052166086,215.21739,407.8261,0.036509104,226.95653,409.13043,0.030903526,247.8261,424.78262,0.0129536055,196.95653,462.6087,0.062144626,186.52174,453.47827,0.07084577,186.52174,446.95654,0.071250476,183.91306,453.47827,0.028153682,
504.3478,208.26086,0.08781699,393.47824,473.0435,0.013975745,386.9565,504.34784,0.009883633,383.04346,505.6522,0.008849142,334.7826,452.17392,0.004803844,400.0,461.30435,0.008541876,431.30435,290.43478,0.012805591,449.56522,290.43478,0.049946576,430.0,311.30435,0.05005973,398.69565,457.39133,0.009277797,435.21738,460.0,0.010985782,452.17392,289.13043,0.010333453,437.82608,306.08698,0.008199222,389.56522,454.78262,0.010236092,407.82608,460.0,0.011412586,419.56522,458.69565,0.0095004765,432.60867,308.69565,0.0152993165,385.65216,463.91306,0.012297036,384.3478,492.6087,0.011142656,446.9565,295.6522,0.02880612,437.82608,313.91306,0.031625383,147.39131,465.2174,0.031005261,216.52174,487.39133,0.025622224,249.13045,504.34784,0.020423666,283.0435,526.5217,0.013375832,290.86957,535.65216,0.0071259066,270.0,345.2174,0.026853092,266.08698,376.52176,0.03248979,258.26086,273.47827,0.050293203,264.78262,255.21739,0.04189084,228.26088,444.34784,0.03742204,233.47827,396.08698,0.030039512,234.78262,415.6522,0.021481283,251.73914,424.78262,0.010999498,213.91306,448.2609,0.047556005,207.39131,432.6087,0.04334643,225.65218,411.73914,0.031999186,193.04349,448.2609,0.015668886,198.26088,461.30435,0.04820098,186.52174,452.17392,0.058913756,186.52174,445.6522,0.06941577,183.91306,450.86957,0.03806318,
503.0435,206.95653,0.10712441,392.1739,471.73914,0.013258435,475.65216,255.21739,0.023965964,437.82608,280.0,0.06279702,422.17392,283.91306,0.025536649,397.3913,462.6087,0.0077805277,439.13043,458.69565,0.009030686,436.52173,281.30435,0.029474447,416.9565,299.56522,0.022714688,393.47824,460.0,0.007974893,435.21738,457.39133,0.0093100285,440.43478,277.3913,0.012332818,457.3913,217.39131,0.01438333,392.1739,460.0,0.00810548,432.60867,457.39133,0.009633689,424.7826,457.39133,0.008582564,416.9565,298.26086,0.014746433,376.52173,456.08698,0.009809928,368.69565,493.91306,0.010305049,433.91302,289.13043,0.031245278,420.86957,307.3913,0.032764107,146.08696,463.91306,0.022989046,225.65218,291.73914,0.014608666,281.73914,304.78262,0.011618674,272.6087,298.26086,0.013272762,266.08698,233.04349,0.0085834395,262.17392,285.2174,0.022072775,247.8261,294.34784,0.030717343,259.56522,272.17392,0.060833506,264.78262,256.52173,0.058863193,245.2174,312.6087,0.017005822,228.26088,315.2174,0.020647503,258.26086,263.0435,0.012750891,246.52174,250.0,0.007005874,204.78262,475.6522,0.017239943,220.43478,334.78262,0.022550844,207.39131,454.78262,0.017045747,254.34784,390.86957,0.0099752005,186.52174,465.2174,0.028023284,186.52174,456.08698,0.025534306,195.65218,427.39133,0.03508094,185.21739,449.56522,0.017735658,
536.95654,247.39131,0.49471185,513.4783,273.47827,0.60450554,482.17392,302.17392,0.82303536,453.47824,317.82608,0.9529272,430.0,333.47827,0.84165,449.56522,285.2174,0.33513397,437.82608,285.2174,0.6257136,473.04346,296.9565,0.36085176,482.17392,298.26086,0.24055275,450.86957,256.52173,0.25246716,446.9565,270.86957,0.53030705,478.26086,280.0,0.6879692,482.17392,276.08698,0.4908319,463.91302,233.04349,0.31848937,453.47824,252.6087,0.81384003,483.47824,259.13043,0.65511686,496.52173,252.6087,0.5067539,470.43478,213.47826,0.550823,463.91302,233.04349,0.70363486,482.17392,235.65218,0.5687795,492.6087,233.04349,0.7520459,146.08696,466.52176,0.026191656,211.30435,479.56522,0.01427019,266.08698,293.0435,0.012879897,268.69565,299.56522,0.013538572,264.78262,233.04349,0.0071691745,262.17392,285.2174,0.024002329,250.43478,294.34784,0.031110488,259.56522,272.17392,0.053131275,264.78262,256.52173,0.051827807,246.52174,312.6087,0.021891195,215.21739,324.34784,0.025465522,259.56522,261.73914,0.011886074,246.52174,250.0,0.006620434,242.6087,340.0,0.01666122,219.13045,333.47827,0.024797324,213.91306,428.69565,0.020268874,200.86957,453.47827,0.010814681,208.69566,323.0435,0.017680233,277.8261,307.3913,0.021195699,187.8261,436.52176,0.03299496,185.21739,452.17392,0.017156063,
538.26086,248.69565,0.48548532,513.4783,274.78262,0.6138447,482.17392,300.86957,0.82621574,453.47824,317.82608,0.9427032,428.69565,333.47827,0.8460999,446.9565,283.91306,0.4779029,440.43478,283.91306,0.5517281,473.04346,295.6522,0.35780796,484.7826,296.9565,0.22587028,450.86957,256.52173,0.41514134,450.86957,270.86957,0.48165178,482.17392,278.69565,0.64063776,480.86957,274.78262,0.4973029,461.30435,234.34782,0.39131263,457.3913,251.30435,0.7272852,486.08694,255.21739,0.6262356,496.52173,252.6087,0.49400657,471.73914,213.47826,0.6053486,465.21738,231.73914,0.682557,483.47824,234.34782,0.5630814,492.6087,231.73914,0.7084558,250.43478,323.0435,0.028076738,228.26088,474.34784,0.06621175,277.8261,437.8261,0.042820252,301.30435,476.95654,0.031399343,306.52176,484.78262,0.014599618,280.43478,431.30435,0.07963661,271.30435,388.26086,0.12205163,259.56522,386.95654,0.12552065,259.56522,393.47827,0.06349894,246.52174,437.8261,0.1833381,241.30435,398.69565,0.15155779,232.17392,400.0,0.15981588,240.00002,424.78262,0.12779714,219.13045,445.6522,0.20481442,216.52174,418.26086,0.19397104,219.13045,419.56522,0.23678166,217.8261,433.91306,0.15734187,191.73914,460.0,0.23999566,189.13045,443.0435,0.27049658,191.73914,436.52176,0.28247735,193.04349,445.6522,0.29741162,
486.08694,206.95653,0.3544819,480.86957,235.65218,0.6157788,458.69565,276.08698,0.935431,443.04346,304.78262,0.8809967,431.30435,329.56522,0.84330475,420.86957,257.82608,0.19727536,403.91302,265.6522,0.8115391,430.0,261.73914,0.6031944,456.08694,260.43478,0.31026584,432.60867,229.13043,0.22739063,409.13043,239.56522,0.8272014,444.3478,244.78261,0.7105303,456.08694,240.86957,0.5202867,427.3913,205.65218,0.25052965,411.73914,223.91304,0.67923635,440.43478,222.6087,0.61942923,457.3913,218.69565,0.54807216,419.56522,182.17392,0.44210333,415.65216,199.13043,0.55312335,431.30435,204.34782,0.62403595,444.3478,201.73914,0.67682457,134.34782,441.73914,0.021492664,204.78262,476.95654,0.017991818,237.39131,294.34784,0.01970927,249.13045,296.9565,0.015156805,246.52174,238.26088,0.008112436,246.52174,289.13043,0.028541368,236.08696,285.2174,0.038204484,237.39131,272.17392,0.056139577,245.2174,253.91304,0.058339316,225.65218,308.69565,0.02723578,191.73914,330.86957,0.028491644,202.17392,346.52176,0.019250803,208.69566,367.39133,0.010273029,187.8261,325.6522,0.029043287,186.52174,332.17392,0.026286552,206.08696,356.95654,0.02145724,206.08696,364.78262,0.013901397,176.08696,324.34784,0.03928484,152.6087,325.6522,0.021393932,177.39131,443.0435,0.03025864,176.08696,450.86957,0.016722841,
504.3478,216.08696,0.48765266,490.0,242.17392,0.6321882,467.82608,277.3913,0.9562729,446.9565,302.17392,0.8901307,430.0,328.26086,0.85560805,432.60867,257.82608,0.3449269,416.9565,263.0435,0.73745656,452.17392,265.6522,0.37066424,466.52173,263.0435,0.2846255,436.52173,231.73914,0.289747,423.47824,239.56522,0.6881184,457.3913,250.0,0.675527,462.6087,246.08696,0.5374344,437.82608,208.26086,0.35147882,427.3913,222.6087,0.76963425,454.7826,223.91304,0.6116029,470.43478,222.6087,0.5507742,439.13043,183.47826,0.41372353,433.91302,197.8261,0.6010989,449.56522,204.34782,0.53505623,462.6087,203.04347,0.66487604,135.65218,439.13043,0.026971627,204.78262,478.2609,0.018886194,238.69566,296.9565,0.017492898,260.86957,296.9565,0.015810983,249.13045,257.82608,0.009312844,249.13045,287.82608,0.02837245,240.00002,285.2174,0.02981374,238.69566,265.6522,0.04823508,245.2174,256.52173,0.04539733,228.26088,311.30435,0.02484912,193.04349,334.78262,0.021777816,203.47827,347.82608,0.019728057,210.0,373.91306,0.009686991,186.52174,325.6522,0.024833528,198.26088,448.2609,0.023466658,200.86957,453.47827,0.022242162,191.73914,461.30435,0.013428238,134.34782,381.73914,0.03396034,147.39131,324.34784,0.02282604,176.08696,450.86957,0.039158,173.47827,453.47827,0.023747403,
506.9565,226.52174,0.45360136,496.52173,253.91304,0.62028855,473.04346,287.82608,0.9184699,452.17392,312.6087,0.83978397,435.21738,337.3913,0.856058,440.43478,269.56522,0.28188506,419.56522,273.47827,0.7574285,449.56522,273.47827,0.5744529,465.21738,274.78262,0.30239803,441.73914,244.78261,0.25702506,427.3913,250.0,0.7136716,463.91302,257.82608,0.70747554,471.73914,253.91304,0.56489736,433.91302,222.6087,0.3088209,432.60867,233.04349,0.72620344,462.6087,233.04349,0.67659867,473.04346,225.21739,0.51515603,443.04346,195.21739,0.5981199,440.43478,212.17392,0.66819227,458.69565,212.17392,0.6482713,467.82608,212.17392,0.66784513,143.47827,463.91306,0.019313421,204.78262,478.2609,0.016199322,254.34784,298.26086,0.017962927,262.17392,298.26086,0.015031025,260.86957,257.82608,0.010369972,260.86957,293.0435,0.031718835,258.26086,289.13043,0.027964922,251.73914,274.78262,0.05112248,259.56522,256.52173,0.03889593,240.00002,313.91306,0.019082941,208.69566,437.8261,0.022195932,251.73914,261.73914,0.013523565,264.78262,256.52173,0.008841637,194.34784,440.43478,0.016128907,208.69566,433.91306,0.024404662,211.30435,433.91306,0.023866681,196.95653,449.56522,0.011093397,123.91305,431.30435,0.02805366,181.30435,475.6522,0.014724674,186.52174,433.91306,0.031739917,185.21739,437.8261,0.01607334,
517.3913,230.43478,0.40688145,508.26086,257.82608,0.5726192,483.47824,293.0435,0.914911,461.30435,317.82608,0.8812206,444.3478,341.30435,0.8382139,449.56522,273.47827,0.22728527,430.0,278.69565,0.78646785,460.0,280.0,0.5080914,476.9565,278.69565,0.29688185,461.30435,244.78261,0.24024172,436.52173,252.6087,0.72782433,473.04346,263.0435,0.75071174,480.86957,259.13043,0.5604487,461.30435,218.69565,0.30967706,443.04346,236.95653,0.73875695,471.73914,238.26088,0.7019974,487.3913,231.73914,0.5322518,456.08694,196.52174,0.5344681,450.86957,213.47826,0.6470871,469.13043,216.08696,0.556325,479.56522,216.08696,0.70523363,150.0,466.52176,0.048165213,237.39131,293.0435,0.023018908,185.21739,334.78262,0.031203117,178.69566,321.73914,0.08707649,183.91306,332.17392,0.010918658,285.6522,290.43478,0.03372064,290.86957,291.73914,0.028741041,271.30435,274.78262,0.04888062,275.2174,257.82608,0.04794552,230.86957,440.43478,0.040077813,238.69566,419.56522,0.043706715,236.08696,415.6522,0.025916098,246.52174,427.39133,0.014215241,208.69566,465.2174,0.040235486,240.00002,432.6087,0.030856827,225.65218,430.0,0.02740696,246.52174,430.0,0.017415667,200.86957,465.2174,0.060805857,191.73914,446.95654,0.02209269,198.26088,432.6087,0.046847355,195.65218,440.43478,0.022217367,
446.9565,366.08698,0.007429795,423.47824,377.82608,0.008586291,405.21738,406.52176,0.011398474,340.0,435.2174,0.013073885,343.91302,440.43478,0.007940915,397.3913,407.8261,0.011712959,402.60867,405.2174,0.011682287,410.43478,410.43478,0.008559834,424.7826,443.0435,0.005969786,461.30435,355.6522,0.008978602,410.43478,410.43478,0.009707026,411.73914,410.43478,0.0069219517,370.0,454.78262,0.0039270357,462.6087,355.6522,0.010487507,413.04346,409.13043,0.011079808,414.3478,422.17392,0.008727459,420.86957,444.34784,0.0055526868,473.04346,337.3913,0.015173424,414.3478,398.69565,0.011580095,422.17392,441.73914,0.008345699,422.17392,444.34784,0.0066254353,151.30435,227.8261,0.46906966,181.30435,260.43478,0.65102553,215.21739,291.73914,0.8945296,243.91306,311.30435,0.8933733,260.86957,325.6522,0.8386066,250.43478,269.56522,0.40299436,262.17392,274.78262,0.6219192,242.6087,276.08698,0.47031897,223.04349,273.47827,0.2984967,238.69566,243.47827,0.4184236,263.47827,248.69565,0.58318704,230.86957,260.43478,0.67938596,219.13045,253.91304,0.6161368,237.39131,222.6087,0.3687695,259.56522,230.43478,0.7456801,233.47827,234.34782,0.5736809,217.8261,233.04349,0.519211,228.26088,195.21739,0.4798568,250.43478,205.65218,0.64274305,234.78262,213.47826,0.64619386,221.73914,214.78261,0.74146366,
446.9565,353.0435,0.008375671,443.04346,345.2174,0.0059821033,409.13043,398.69565,0.007519122,409.13043,401.30435,0.0066309045,325.65216,435.2174,0.0052306377,436.52173,300.86957,0.00782836,432.60867,303.47827,0.007647581,420.86957,418.26086,0.0061923573,383.04346,426.08698,0.004591232,458.69565,349.13043,0.007873457,419.56522,409.13043,0.0061049736,419.56522,411.73914,0.005104312,307.3913,478.2609,0.00257763,469.13043,334.78262,0.008531576,419.56522,407.8261,0.008048696,304.7826,484.78262,0.0069967564,306.08694,486.08698,0.006039509,473.04346,334.78262,0.012886357,415.65216,398.69565,0.00796866,420.86957,418.26086,0.006936205,308.69565,486.08698,0.0062244963,156.52174,226.52174,0.37905645,185.21739,259.13043,0.5490957,216.52174,291.73914,0.77817947,245.2174,312.6087,0.7722456,266.08698,326.95654,0.8090846,293.47827,512.17395,0.020638576,262.17392,274.78262,0.045806188,246.52174,273.47827,0.05872572,236.08696,266.9565,0.039698992,193.04349,503.0435,0.013186018,246.52174,514.7826,0.018107545,232.17392,257.82608,0.11829427,225.65218,248.69565,0.10021683,173.47827,450.86957,0.019876074,238.69566,512.17395,0.016411535,229.56523,233.04349,0.0594972,220.43478,227.8261,0.10081313,164.34784,499.13043,0.019539092,240.00002,196.52174,0.027981417,230.86957,208.26086,0.061992235,219.13045,216.08696,0.09823309,
453.47824,370.0,0.0072886385,381.73914,450.86957,0.0057438314,411.73914,400.0,0.008662614,410.43478,403.91306,0.00829261,312.60867,465.2174,0.0074182777,449.56522,349.13043,0.008160118,414.3478,416.95654,0.008325184,415.65216,419.56522,0.0072982027,310.0,471.73914,0.0069832187,463.91302,349.13043,0.007911263,418.26086,423.47827,0.006969841,418.26086,420.86957,0.0056534004,306.08694,482.17392,0.004233809,463.91302,349.13043,0.0077635096,419.56522,418.26086,0.008810108,304.7826,486.08698,0.007914238,306.08694,486.08698,0.0075470787,474.3478,337.3913,0.013154712,420.86957,407.8261,0.009662278,308.69565,486.08698,0.008450023,308.69565,486.08698,0.0074428758,146.08696,236.95653,0.53061545,177.39131,266.9565,0.6271491,210.0,298.26086,0.8413573,241.30435,315.2174,0.8136868,259.56522,326.95654,0.8507174,247.8261,281.30435,0.31218675,258.26086,281.30435,0.55649024,233.47827,286.52173,0.39131615,216.52174,282.6087,0.22695288,233.47827,252.6087,0.27352226,254.34784,257.82608,0.45999116,226.95653,273.47827,0.69736063,215.21739,265.6522,0.47538796,226.95653,230.43478,0.2927411,249.13045,246.08696,0.5372379,226.95653,247.39131,0.44153494,210.0,242.17392,0.39672402,224.34784,209.56522,0.4385768,241.30435,217.39131,0.61422396,230.86957,229.13043,0.40622196,211.30435,230.43478,0.5969892,
445.65216,362.17392,0.00639704,437.82608,342.6087,0.00482354,443.04346,304.78262,0.005860348,440.43478,300.86957,0.005079404,316.52173,433.91306,0.0030202027,450.86957,351.73914,0.0071392474,433.91302,303.47827,0.0062730806,476.9565,346.52176,0.004964948,249.99998,341.30435,0.0036140257,465.21738,355.6522,0.0067767594,422.17392,422.17392,0.0034451615,422.17392,423.47827,0.0039007063,249.99998,341.30435,0.0024005922,466.52173,354.34784,0.0062110373,422.17392,422.17392,0.004813999,422.17392,432.6087,0.005705149,306.08694,487.39133,0.004763733,474.3478,334.78262,0.00888114,422.17392,407.8261,0.0068773124,422.17392,432.6087,0.0062062074,307.3913,484.78262,0.005059727,144.78261,239.56522,0.50017494,173.47827,273.47827,0.6680853,203.47827,308.69565,0.96892315,232.17392,328.26086,0.9105932,253.04349,343.91306,0.8729122,242.6087,285.2174,0.3467251,258.26086,291.73914,0.8541717,232.17392,291.73914,0.63995343,217.8261,290.43478,0.39636067,234.78262,260.43478,0.3907837,254.34784,266.9565,0.6242131,225.65218,278.69565,0.6668126,208.69566,270.86957,0.6108043,233.47827,235.65218,0.4304512,251.73914,250.0,0.70130384,228.26088,252.6087,0.54415405,210.0,250.0,0.45699465,237.39131,210.86957,0.5518364,246.52174,223.91304,0.6847103,233.47827,231.73914,0.72536075,217.8261,234.34782,0.75496215,
439.13043,346.52176,0.0054290975,437.82608,342.6087,0.004463093,443.04346,304.78262,0.0055145696,443.04346,302.17392,0.004606155,350.43478,389.56522,0.0033298456,449.56522,351.73914,0.0066077816,435.21738,303.47827,0.0058749085,358.26086,355.6522,0.005013968,333.47824,402.6087,0.0041440064,462.6087,351.73914,0.005978969,355.65216,355.6522,0.0023509674,356.9565,356.95654,0.003841825,333.47824,403.91306,0.0027535332,465.21738,351.73914,0.0055337655,354.3478,356.95654,0.0033793799,355.65216,356.95654,0.005513046,286.52173,332.17392,0.0041861366,470.43478,350.43478,0.0073497887,423.47824,423.47827,0.0054226336,270.86954,326.95654,0.0056876056,287.82608,332.17392,0.0039165667,173.47827,248.69565,0.5016396,200.86957,278.69565,0.7069906,233.47827,310.0,0.93940276,264.78262,324.34784,0.92226857,285.6522,334.78262,0.91624975,271.30435,285.2174,0.30406535,285.6522,287.82608,0.65379137,262.17392,296.9565,0.43079647,249.13045,293.0435,0.27907336,259.56522,255.21739,0.39711866,284.34784,266.9565,0.5397676,253.04349,282.6087,0.7530924,241.30435,276.08698,0.5277206,255.65218,234.34782,0.44702756,277.8261,252.6087,0.66510737,259.56522,260.43478,0.59153396,236.08696,257.82608,0.46501863,256.95654,208.26086,0.6673067,272.6087,227.8261,0.65035284,256.95654,240.86957,0.6610018,241.30435,240.86957,0.8105934,
405.21738,463.91306,0.0038135545,401.30435,470.43478,0.0036545822,282.60867,336.08698,0.0078437235,281.30432,336.08698,0.008335455,310.0,356.95654,0.00468434,482.17392,347.82608,0.0048524626,323.04346,350.43478,0.0047498597,283.91302,334.78262,0.005556159,303.47824,353.0435,0.0069163423,474.3478,355.6522,0.0051531736,282.60867,334.78262,0.004187723,308.69565,289.13043,0.010905871,306.08694,290.43478,0.0082896985,475.65216,354.34784,0.00468315,281.30432,333.47827,0.006679052,285.21738,337.3913,0.008442448,299.56522,351.73914,0.009597687,251.30434,317.82608,0.009696878,280.0,333.47827,0.013098235,285.21738,342.6087,0.02484218,296.9565,347.82608,0.011232374,210.0,240.86957,0.38641056,230.86957,282.6087,0.6581409,255.65218,317.82608,0.9286787,281.73914,336.08698,0.8010677,298.69565,351.73914,0.914414,293.47827,298.26086,0.5042037,318.2609,307.3913,0.72784245,292.17392,302.17392,0.7200027,273.91306,294.34784,0.55140376,294.78262,273.47827,0.55304205,320.86957,283.91306,0.61052763,292.17392,285.2174,0.6935667,270.0,277.3913,0.8410214,293.47827,252.6087,0.4008671,319.56522,265.6522,0.66314447,298.69565,263.0435,0.69752973,279.13043,256.52173,0.6693703,293.47827,221.30435,0.6322257,319.56522,239.56522,0.53467894,303.91306,244.78261,0.63414365,288.2609,244.78261,0.6364992,
444.3478,351.73914,0.009571059,444.3478,332.17392,0.0046714456,444.3478,304.78262,0.005961862,444.3478,303.47827,0.0051455437,443.04346,303.47827,0.0013740676,441.73914,304.78262,0.0053337645,441.73914,302.17392,0.0057544,441.73914,300.86957,0.0044254838,256.52173,333.47827,0.0030296305,465.21738,355.6522,0.0050427928,441.73914,306.08698,0.0019111009,441.73914,306.08698,0.0028593573,256.52173,333.47827,0.0017932644,467.82608,354.34784,0.0047932044,426.08694,424.78262,0.0026755661,310.0,486.08698,0.0043896367,259.13043,333.47827,0.004752996,473.04346,350.43478,0.005432795,473.04346,354.34784,0.004414308,426.08694,432.6087,0.0044861697,259.13043,333.47827,0.0044080396,144.78261,243.47827,0.5379505,174.78261,274.78262,0.66403365,206.08696,307.3913,0.96051186,236.08696,324.34784,0.92425096,255.65218,338.69565,0.8445748,243.91306,283.91306,0.36638665,260.86957,290.43478,0.8009513,234.78262,290.43478,0.6060386,217.8261,290.43478,0.42274284,236.08696,259.13043,0.46072647,259.56522,265.6522,0.6755601,226.95653,276.08698,0.85377616,213.91306,270.86957,0.7147913,233.47827,235.65218,0.43681464,254.34784,250.0,0.7653251,230.86957,252.6087,0.5792048,213.91306,247.39131,0.5101974,238.69566,210.86957,0.6190618,249.13045,223.91304,0.66635,233.47827,231.73914,0.69003284,219.13045,234.34782,0.7207098,
444.3478,359.56522,0.0069070775,444.3478,342.6087,0.004635755,443.04346,303.47827,0.0060437326,443.04346,302.17392,0.0054274867,437.82608,303.47827,0.0015842223,449.56522,350.43478,0.0062414743,440.43478,304.78262,0.0064415615,440.43478,303.47827,0.004981442,249.99998,311.30435,0.004392885,463.91302,353.0435,0.0064232205,473.04346,349.13043,0.00244284,248.69563,259.13043,0.003739212,247.3913,260.43478,0.004909369,466.52173,353.0435,0.006009661,471.73914,353.0435,0.0032845314,473.04346,355.6522,0.0049627004,251.30434,311.30435,0.005302598,474.3478,347.82608,0.008834923,473.04346,354.34784,0.0055662044,473.04346,355.6522,0.005420112,251.30434,311.30435,0.004410646,139.56522,239.56522,0.5513875,170.86957,265.6522,0.6869825,203.47827,291.73914,0.9271515,233.47827,304.78262,0.8746133,253.04349,313.91306,0.8506582,230.86957,274.78262,0.3105284,256.95654,274.78262,0.7686439,229.56523,281.30435,0.5310242,219.13045,281.30435,0.29696155,226.95653,243.47827,0.47668836,255.65218,252.6087,0.70385003,220.43478,265.6522,0.8243276,208.69566,259.13043,0.6052647,223.04349,225.21739,0.47808242,246.52174,239.56522,0.68377304,224.34784,243.47827,0.4640963,208.69566,238.26088,0.42476895,219.13045,200.43478,0.71540034,238.69566,213.47826,0.70282626,224.34784,223.91304,0.61368763,210.0,222.6087,0.7089853,
453.47824,359.56522,0.012180932,449.56522,337.3913,0.006160984,410.43478,390.86957,0.0077562146,409.13043,392.17392,0.007013929,376.52173,392.17392,0.0044043716,448.26086,350.43478,0.008584001,444.3478,330.86957,0.0078235045,396.08694,364.78262,0.0061907168,384.3478,431.30435,0.0043283347,462.6087,356.95654,0.008230485,449.56522,349.13043,0.0062256334,473.04346,355.6522,0.004962991,231.73912,256.52173,0.0035565523,463.91302,356.95654,0.0085069975,420.86957,401.30435,0.007443827,471.73914,356.95654,0.007059399,473.04346,359.56522,0.0041630263,475.65216,337.3913,0.011095699,420.86957,397.39133,0.0089702895,420.86957,409.13043,0.007177893,473.04346,359.56522,0.005351385,133.04349,230.43478,0.4923304,159.13045,263.0435,0.6817428,189.13045,293.0435,0.9277877,219.13045,312.6087,0.84580123,236.08696,324.34784,0.88571197,217.8261,273.47827,0.37791437,245.2174,280.0,0.8226722,217.8261,277.3913,0.77416384,199.56523,272.17392,0.48407426,219.13045,248.69565,0.52483124,242.6087,256.52173,0.7356103,210.0,264.34784,0.6654651,196.95653,256.52173,0.70241165,216.52174,226.52174,0.43922198,237.39131,239.56522,0.62052625,213.91306,238.26088,0.58530515,199.56523,231.73914,0.500458,215.21739,200.43478,0.6021637,232.17392,212.17392,0.77069914,217.8261,217.39131,0.63757837,206.08696,218.69565,0.70549953,
449.56522,356.95654,0.0099693965,443.04346,334.78262,0.00509928,444.3478,306.08698,0.0061657545,443.04346,303.47827,0.005375618,376.52173,385.6522,0.0018968699,449.56522,351.73914,0.0064591826,439.13043,303.47827,0.006601815,435.21738,302.17392,0.0052065165,379.13043,441.73914,0.0031026406,463.91302,350.43478,0.006297582,467.82608,349.13043,0.0023150495,474.3478,354.34784,0.0034347123,231.73912,248.69565,0.0023966972,466.52173,351.73914,0.005981088,467.82608,354.34784,0.003243481,471.73914,356.95654,0.0048202006,308.69565,490.0,0.0034259972,473.04346,345.2174,0.0077704946,471.73914,356.95654,0.0055539245,471.73914,356.95654,0.005310368,473.04346,358.26086,0.0038864454,127.82609,236.95653,0.45067096,157.8261,270.86957,0.6478425,190.43478,300.86957,0.9189119,221.73914,320.43478,0.8893351,240.00002,332.17392,0.81730276,219.13045,282.6087,0.39873117,246.52174,287.82608,0.7804562,220.43478,286.52173,0.6750096,204.78262,282.6087,0.39667457,220.43478,256.52173,0.50139487,246.52174,265.6522,0.7460343,212.6087,272.17392,0.8131945,198.26088,264.34784,0.71282077,219.13045,233.04349,0.43112108,241.30435,247.39131,0.7571746,216.52174,247.39131,0.63668865,202.17392,240.86957,0.5280134,220.43478,208.26086,0.653496,234.78262,221.30435,0.7731327,220.43478,227.8261,0.64015657,207.39131,226.52174,0.7176521,
